ID,Growth,Production,BGC type
ASPT,0.9882080588668447,1.0307906781960419,NRPS
ASPTA,0.991974331199417,1.0039004865869237,NRPS
AGT,0.965116143345068,1.0022275136527672,NRPS
