ID,Growth,Production,BGC type
TKT1,0.9987954219962442,1.0044077134923342,NRPS
