ID,Growth,Production,BGC type
TKT1,0.998795422271198,1.0059603635756273,lassopeptide
