ID,Growth,Production,BGC type
ASPT,0.9882080585490514,1.0051992468648836,NRPS
