ID,Growth,Production,BGC type
ASPT,0.9882080585490574,1.0169391325935055,NRPS
