ID,Growth,Production,BGC type
TKT1,0.9987954222712032,1.0046296296172825,NRPS
ASPT,0.9882080585961744,1.001357467944509,NRPS
