ID,Growth,Production,BGC type
TKT1,0.9987954219962526,1.0096969696804754,NRPS
