ID,Growth,Production,BGC type
TKT1,0.9987954219533645,1.0074906366924892,NRPS
