ID,Growth,Production,BGC type
TKT1,0.9987954222712024,1.0102171136688303,NRPS-like
