ID,Growth,Production,BGC type
TKT1,0.9987954222711976,1.0063191153070958,NRPS
