ID,Growth,Production,BGC type
ASPT,0.9882080588668527,1.0217291173732452,T1PKS
ASPTA,0.9919743308843769,1.001018392033595,T1PKS
