ID,Growth,Production,BGC type
ASPT,0.9882080588668395,1.0073544768062797,NRPS
