ID,Growth,Production,BGC type
TKT1,0.9987954222712024,1.0040506329124383,lassopeptide
