ID,Growth,Production,BGC type
ASPT,0.9882080585490507,1.0083670314344646,NRPS
TKT1,0.9987954222712027,1.0030757401145467,NRPS
