ID,Growth,Production,BGC type
ASPT,0.9882080588668478,1.0111301474588448,NRPS
