ID,Growth,Production,BGC type
ASPT,0.988208058549052,1.009516875924737,NRPS
