ID,Growth,Production,BGC type
TKT1,0.9987954219533608,1.0025493945111106,NRPS
