ID,Growth,Production,BGC type
ASPT,0.9882080585490542,1.0192882929084741,T1PKS
