ID,Growth,Production,BGC type
ASPT,0.9882080585490615,1.0227644135867806,T1PKS
ASPTA,0.9919743308843707,1.0013494162085068,T1PKS
