ID,Growth,Production,BGC type
ASPT,0.9882080585490454,1.0142856873077228,NRPS
TKT1,0.9987954222711882,1.0041025641207553,NRPS
