ID,Growth,Production,BGC type
ASPT,0.9882080585490581,1.0032595399184343,NRPS
