ID,Growth,Production,BGC type
TKT1,0.9987954222712071,1.0062597808896898,NRPS
