ID,Growth,Production,BGC type
ASPT,0.9882080585490588,1.0048422120931966,NRPS
TKT1,0.9987954222712088,1.0017555409029268,NRPS
