ID,Growth,Production,BGC type
ASPT,0.988208058549053,1.016989622447472,T1PKS
