ID,Growth,Production,BGC type
TKT1,0.9987954222712084,1.0099626400745763,NRPS
