ID,Growth,Production,BGC type
TKT1,0.998795422271197,1.00186349872921,NRPS
