ID,Growth,Production,BGC type
ASPT,0.9882080588668455,1.0202757258008996,T1PKS
