ID,Growth,Production,BGC type
ASPT,0.988208058549065,1.0119600764321643,NRPS
