ID,Growth,Production,BGC type
ASPT,0.9882080585490595,1.0032089851185775,lassopeptide
