ID,Growth,Production,BGC type
TKT1,0.9987954222712114,1.0029498524860634,transAT-PKS
