ID,Growth,Production,BGC type
ASPT,0.988208058866842,1.0058393501683522,NRPS
