ID,Growth,Production,BGC type
TKT1,0.9987954222712011,1.0012187690501961,NRPS
