ID,Growth,Production,BGC type
ASPT,0.9882080585490535,1.014146390842965,lassopeptide-lassopeptide
ASPTA,0.9919743308843759,1.0024266714173347,lassopeptide-lassopeptide
