ID,Growth,Production,BGC type
ASPT,0.9882080585490506,1.0070445896948463,NRPS
