ID,Growth,Production,BGC type
TKT1,0.9987954219533602,1.01035598706608,NRPS
