ID,Growth,Production,BGC type
GHMT2r,0.961390665322971,1.004333494842651,NRPS
AGT,0.9651161433450702,1.0043334948398017,NRPS
ASPT,0.98820805886685,1.0012616641424206,NRPS
