ID,Growth,Production,BGC type
AGT,0.9651161433450732,1.002368623105329,NRPS
GHMT2r,0.961390665322956,1.002368623089241,NRPS
