ID,Growth,Production,BGC type
TKT1,0.998795422271201,1.0096443640802228,NRPS
