ID,Growth,Production,BGC type
TKT1,0.9987954219962523,1.0071111111071696,NRPS
