ID,Growth,Production,BGC type
GLYCL,0.9689399980181402,1.0039307769346466,transAT-PKS
