ID,Growth,Production,BGC type
ASPT,0.9882080585490541,1.0078983963217099,NRPS
GLYCL,0.9689399980181459,1.0022698285429323,NRPS
