ID,Growth,Production,BGC type
ASPT,0.98820805854906,1.0135435118590277,T1PKS
