ID,Growth,Production,BGC type
GLYCL,0.9689399980181362,1.0049556940999207,T1PKS
ASPT,0.9882080585490496,1.001155976443603,T1PKS
