ID,Growth,Production,BGC type
TKT1,0.9987954219533729,1.002824858748425,NRPS
