ID,Growth,Production,BGC type
TKT1,0.9987954222711974,1.005079365074454,NRPS
