ID,Growth,Production,BGC type
GLYCL,0.9689399977142744,1.0072962570116368,T1PKS
ASPT,0.9882080585490565,1.005037757547602,T1PKS
