ID,Growth,Production,BGC type
ASPT,0.9882080585490658,1.027938262648879,NRPS
ASPTA,0.9919743308843905,1.0029969529916516,NRPS
