ID,Growth,Production,BGC type
ASPT,0.9882080585490509,1.0102543932119357,T1PKS
GLYCL,0.9689399977142734,1.0059330058594749,T1PKS
