ID,Growth,Production,BGC type
ASPT,0.9882080588668487,1.005619675978707,NRPS
