ID,Growth,Production,BGC type
TKT1,0.9987954222711987,1.0016491444999989,NRPS
