ID,Growth,Production,BGC type
TKT1,0.9987954222712107,1.0024308720545605,NRPS
