ID,Growth,Production,BGC type
AGT,0.9651161433450576,1.00211754343973,NRPS
