ID,Growth,Production,BGC type
TKT1,0.9987954222712092,1.0048396854103987,NRPS
