ID,Growth,Production,BGC type
AGT,0.9651161436478266,1.0024141999693619,NRPS
