ID,Growth,Production,BGC type
ASPT,0.988208058549054,1.009497621346263,NRPS
