ID,Growth,Production,BGC type
TKT1,0.99879542199624,1.0094428706483456,NRPS
