ID,Growth,Production,BGC type
ASPT,0.988208058549042,1.00749097469841,NRPS
