ID,Growth,Production,BGC type
ASPT,0.9882080588668558,1.0108194234348304,NRPS
TKT1,0.998795421953371,1.0024992189683326,NRPS
