ID,Growth,Production,BGC type
ASPT,0.9882080588668516,1.0067044868544088,T1PKS
