ID,Growth,Production,BGC type
ASPT,0.9882080585490498,1.0103979124020235,lassopeptide
TKT1,0.9987954219962506,1.0015558148650694,lassopeptide
