ID,Growth,Production,BGC type
TKT1,0.9987954219533598,1.0068332265513014,NRPS
