ID,Growth,Production,BGC type
ASPT,0.9882080585490542,1.019657065815893,T1PKS
