ID,Growth,Production,BGC type
TKT1,0.9987954222712013,1.0037088548808093,NRPS
