ID,Growth,Production,BGC type
TKT1,0.9987954219533652,1.0102564102402944,NRPS
