ID,Growth,Production,BGC type
TKT1,0.9987954219533456,1.0030337504670355,NRPS
