ID,Growth,Production,BGC type
TKT1,0.9987954219962532,1.002882882886053,NRPS
