ID,Growth,Production,BGC type
TKT1,0.9987954222712139,1.0100250626151173,NRPS
