ID,Growth,Production,BGC type
TKT1,0.9987954219533606,1.0028985507241577,NRPS
