ID,Growth,Production,BGC type
ASPT,0.9882080585490465,1.0187220216679125,T1PKS
