ID,Growth,Production,BGC type
TKT1,0.9987954222712047,1.0021214531710285,NRPS
