ID,Growth,Production,BGC type
AGT,0.9651161436478227,1.0038590812975061,NRPS-like
