ID,Growth,Production,BGC type
TKT1,0.9987954222711972,1.0032245062306069,NRPS
