ID,Growth,Production,BGC type
ASPT,0.9882080585490521,1.0201871362047323,T1PKS
