ID,Growth,Production,BGC type
ASPT,0.9882080588668477,1.0052971444851206,lassopeptide
ASPTA,0.9919743311994116,1.0025372346890462,lassopeptide
