ID,Growth,Production,BGC type
GLYCL,0.9689399980181528,1.0032796635884031,transAT-PKS
