ID,Growth,Production,BGC type
GLYCL,0.9689399977142739,1.0203023912419151,T1PKS
ASPT,0.9882080588668454,1.0046748407084192,T1PKS
