ID,Growth,Production,BGC type
ASPT,0.9882080588668435,1.0060587541828088,lassopeptide
TKT1,0.9987954222711959,1.0036479707931383,lassopeptide
