ID,Growth,Production,BGC type
TKT1,0.9987954222712065,1.008736008716288,NRPS
