ID,Growth,Production,BGC type
GHMT2r,0.9613906653229704,1.0065289192677027,NRPS
AGT,0.9651161433450655,1.0065289192670432,NRPS
ASPT,0.9882080585490616,1.005476798413799,NRPS
