ID,Growth,Production,BGC type
ASPT,0.9882080585490505,1.0160576572642386,T1PKS
