ID,Growth,Production,BGC type
TKT1,0.9987954222712057,1.0058608058494838,NRPS
