ID,Growth,Production,BGC type
TKT1,0.9987954219533589,1.0064319022218795,NRPS
