ID,Growth,Production,BGC type
TKT1,0.9987954222711994,1.001344085997594,lassopeptide
