ID,Growth,Production,BGC type
TKT1,0.9987954222712049,1.008320332782806,NRPS
