ID,Growth,Production,BGC type
TKT1,0.998795422271197,1.0038095237779563,NRPS
