ID,Growth,Production,BGC type
GLYCL,0.9689399980181311,1.0122719453236027,T1PKS
ASPT,0.9882080588668388,1.0097907051321477,T1PKS
