ID,Growth,Production,BGC type
TKT1,0.9987954219533607,1.0031633056520513,NRPS
