ID,Growth,Production,BGC type
ASPT,0.9882080585490466,1.0199317829901637,NRPS
FUM,0.9890228031539262,1.0052447653415555,NRPS
MCOALY,0.9890228031539268,1.0052447653410497,NRPS
