ID,Growth,Production,BGC type
ASPT,0.9882080585490479,1.0194237645116384,T1PKS
GLYCL,0.9689399977142757,1.0121455653738851,T1PKS
