ID,Growth,Production,BGC type
TKT1,0.9987954222712039,1.0075436114895122,NRPS
