ID,Growth,Production,BGC type
TKT1,0.9987954219962403,1.0076299475344839,NRPS
