ID,Growth,Production,BGC type
TKT1,0.9987954222712075,1.0049566294859427,lassopeptide
