ID,Growth,Production,BGC type
ASPT,0.9882080585490471,1.0064587093741453,T1PKS
