ID,Growth,Production,BGC type
ASPT,0.9882080585490445,1.0119847941494506,NRPS
