ID,Growth,Production,BGC type
ASPT,0.9882080585490591,1.0098504383395606,NRPS
GLYCL,0.9689399977142582,1.005753232807237,NRPS
AGT,0.9651161436478239,1.001814342580556,NRPS
