ID,Growth,Production,BGC type
AGT,0.9651161436478289,1.001909895220941,NRPS
