ID,Growth,Production,BGC type
TKT1,0.998795421953372,1.0055904961501072,NRPS
