ID,Growth,Production,BGC type
GLYCL,0.9689399977142718,1.0033733798897204,NRPS
