ID,Growth,Production,BGC type
ASPT,0.9882080588668425,1.0160626970629958,T1PKS
