ID,Growth,Production,BGC type
ASPT,0.988208058596177,1.00202649200583,NRPS
