ID,Growth,Production,BGC type
TKT1,0.9987954222711967,1.002154011845018,NRPS
