ID,Growth,Production,BGC type
ASPT,0.9882080585490572,1.0072647247618371,NRPS
AGT,0.9651161436478315,1.0045126353665812,NRPS
