ID,Growth,Production,BGC type
ASPT,0.988208058549049,1.0033964180179473,lassopeptide
