ID,Growth,Production,BGC type
ASPT,0.9882080585490506,1.0031588447373605,T1PKS
