ID,Growth,Production,BGC type
TKT1,0.9987954219533682,1.0065040650243693,NRPS
