ID,Growth,Production,BGC type
ASPT,0.9882080588668518,1.0016303714962784,NRPS
