ID,Growth,Production,BGC type
TKT1,0.9987954222712035,1.004160166404038,lassopeptide
