ID,Growth,Production,BGC type
TKT1,0.9987954219533574,1.0027691242505852,transAT-PKS
