ID,Growth,Production,BGC type
ASPT,0.9882080585490473,1.0021009425058491,NRPS
