ID,Growth,Production,BGC type
ASPT,0.9882080588668471,1.0056921757270116,NRPS
