ID,Growth,Production,BGC type
ASPT,0.9882080585490479,1.0141677548090642,lassopeptide-lassopeptide
ASPTA,0.9919743308843656,1.0020858684823326,lassopeptide-lassopeptide
