ID,Growth,Production,BGC type
TKT1,0.9987954222712104,1.0039800995080892,NRPS
