ID,Growth,Production,BGC type
ASPT,0.988208058866832,1.002088464526237,NRPS
