ID,Growth,Production,BGC type
ASPT,0.9882080585490521,1.013496882141258,transAT-PKS
AGT,0.9651161433450751,1.0019943955028356,transAT-PKS
