ID,Growth,Production,BGC type
ASPT,0.9882080588668384,1.0043662796364652,NRPS
