ID,Growth,Production,BGC type
TKT1,0.9987954222712033,1.003308519419902,NRPS
