ID,Growth,Production,BGC type
ASPT,0.9882080585490556,1.0243783717693442,T1PKS
ASPTA,0.9919743308843698,1.001864561429968,T1PKS
