ID,Growth,Production,BGC type
ASPT,0.9882080588668509,1.0122656639866712,lassopeptide
ASPTA,0.9919743311994174,1.0029283033246583,lassopeptide
