ID,Growth,Production,BGC type
ASPT,0.9882080585490493,1.007664049128445,NRPS
TKT1,0.9987954219533597,1.0029531192261711,NRPS
