ID,Growth,Production,BGC type
TKT1,0.9987954219962504,1.0029433406932506,NRPS
