ID,Growth,Production,BGC type
TKT1,0.9987954222712022,1.0061657032857125,NRPS
