ID,Growth,Production,BGC type
TKT1,0.998795422271204,1.0029498524860223,transAT-PKS
