ID,Growth,Production,BGC type
ASPT,0.9882080588668481,1.018722021640589,T1PKS
