ID,Growth,Production,BGC type
ASPT,0.9882080585490399,1.0305082955314928,NRPS
ASPTA,0.9919743308843596,1.003811189460054,NRPS
AGT,0.9651161436478213,1.002709489318892,NRPS
