ID,Growth,Production,BGC type
TKT1,0.9987954222712058,1.0071684587603524,NRPS
