ID,Growth,Production,BGC type
TKT1,0.9987954219533649,1.004062976139021,lassopeptide
