ID,Growth,Production,BGC type
ASPT,0.9882080585490446,1.018539616949705,T1PKS
