ID,Growth,Production,BGC type
ASPT,0.9882080585490479,1.0108438967231668,T1PKS
GLYCL,0.9689399977142779,1.0016296066853607,T1PKS
