ID,Growth,Production,BGC type
ASPT,0.9882080588668475,1.0264819671040701,T1PKS
ASPTA,0.9919743308843619,1.002534349627006,T1PKS
