ID,Growth,Production,BGC type
TKT1,0.9987954219962523,1.0057920648574314,lassopeptide
