ID,Growth,Production,BGC type
ASPT,0.9882080588668395,1.0054767984668094,NRPS
