ID,Growth,Production,BGC type
TKT1,0.9987954222712045,1.0071111110978925,NRPS
