ID,Growth,Production,BGC type
TKT1,0.9987954222711997,1.0057595392077916,NRPS
