ID,Growth,Production,BGC type
ASPT,0.9882080588668449,1.0072054345502197,lanthipeptide
