ID,Growth,Production,BGC type
ASPT,0.9882080585490494,1.0058393501547773,NRPS
