ID,Growth,Production,BGC type
ASPT,0.9882080588668499,1.007033739048845,lassopeptide
ASPTA,0.9919743311994087,1.0029703883878773,lassopeptide
