ID,Growth,Production,BGC type
ASPT,0.9882080588668494,1.008865948019592,NRPS
