ID,Growth,Production,BGC type
AGT,0.9651161433450681,1.0038590812991541,T1PKS
