ID,Growth,Production,BGC type
TKT1,0.9987954222712065,1.0106241699654286,NRPS
