ID,Growth,Production,BGC type
ASPT,0.9882080588668414,1.0102794317683352,NRPS
