ID,Growth,Production,BGC type
ASPT,0.9882080585490455,1.008159262095237,NRPS
