ID,Growth,Production,BGC type
ASPT,0.9882080585490509,1.006753185750032,T1PKS
