ID,Growth,Production,BGC type
TKT1,0.9987954222712081,1.010139416973506,NRPS
