ID,Growth,Production,BGC type
ASPT,0.9882080588668428,1.0211057176307679,NRPS
AGT,0.965116143647833,1.0035187131267533,NRPS
