ID,Growth,Production,BGC type
ASPT,0.9882080585490548,1.0189252985192154,T1PKS
