ID,Growth,Production,BGC type
ASPT,0.9882080588668568,1.0084968757405652,NRPS
GLYCL,0.9689399977142716,1.0047088369323718,NRPS
