ID,Growth,Production,BGC type
TKT1,0.9987954222711989,1.0036985668022484,NRPS
