ID,Growth,Production,BGC type
ASPT,0.9882080585490393,1.0175918190854598,T1PKS
