ID,Growth,Production,BGC type
TKT1,0.9987954222712038,1.0106241699991636,NRPS
