ID,Growth,Production,BGC type
ASPT,0.9882080585490487,1.008776670471732,T1PKS
GLYCL,0.9689399980181403,1.0079742265363294,T1PKS
