ID,Growth,Production,BGC type
TKT1,0.9987954222712019,1.002157497292045,lassopeptide
