ID,Growth,Production,BGC type
TKT1,0.9987954219533675,1.0062597809068823,NRPS
