ID,Growth,Production,BGC type
ASPT,0.9882080588668544,1.001985559566277,T1PKS
