ID,Growth,Production,BGC type
ASPT,0.9882080588668517,1.0027254177309193,NRPS
