ID,Growth,Production,BGC type
TKT1,0.998795421953357,1.0063041765093306,NRPS
