ID,Growth,Production,BGC type
TKT1,0.9987954222711962,1.0077745383702796,NRPS
