ID,Growth,Production,BGC type
TKT1,0.9987954222711983,1.0072365445235612,NRPS
