ID,Growth,Production,BGC type
TKT1,0.9987954219533645,1.012882447642574,NRPS
