ID,Growth,Production,BGC type
GHMT2r,0.9613906653229645,1.0027246100661193,NRPS
AGT,0.9651161433450606,1.0027246100648863,NRPS
