ID,Growth,Production,BGC type
ASPT,0.9882080588668426,1.019423764543764,T1PKS
GLYCL,0.9689399977142795,1.0121455653796538,T1PKS
