ID,Growth,Production,BGC type
TKT1,0.9987954219533615,1.0070360597650299,NRPS
