ID,Growth,Production,BGC type
ASPT,0.9882080588668463,1.014649893421237,T1PKS
