ID,Growth,Production,BGC type
AGT,0.9651161436478224,1.0025072125600485,NRPS
