ID,Growth,Production,BGC type
TKT1,0.9987954222712002,1.0046701692750444,NRPS
ASPT,0.9882080585490435,1.0014489189589075,NRPS
