ID,Growth,Production,BGC type
ASPT,0.9882080588668372,1.0175979309249807,NRPS
