ID,Growth,Production,BGC type
TKT1,0.9987954219533686,1.0048134777323132,NRPS
