ID,Growth,Production,BGC type
ASPT,0.9882080585490585,1.0285116507738312,T1PKS
ASPTA,0.9919743311994103,1.0031788515353586,T1PKS
