ID,Growth,Production,BGC type
ASPT,0.9882080585490451,1.0080115440579378,transAT-PKS
