ID,Growth,Production,BGC type
TKT1,0.9987954222712022,1.0032599837152334,NRPS
