ID,Growth,Production,BGC type
ASPT,0.9882080585490549,1.0101548852726752,NRPS
AGT,0.9651161436478315,1.0016729770143957,NRPS
