ID,Growth,Production,BGC type
ASPT,0.9882080585490425,1.0180013127626402,NRPS
CITCIa2,0.9993041893167072,1.0050825921572943,NRPS
CITCIb,0.9993041890022925,1.0050825921233277,NRPS
CITMS,0.9993041890022925,1.0050825921233277,NRPS
ERTHMMOR,0.9993041890022937,1.0050825921117206,NRPS
