ID,Growth,Production,BGC type
TKT1,0.9987954219533748,1.002908033426035,transAT-PKS
