ID,Growth,Production,BGC type
TKT1,0.9987954222711978,1.001663547511055,lassopeptide
