ID,Growth,Production,BGC type
ASPT,0.9882080588668435,1.0163843376763706,NRPS
MCOALY,0.9890228034680816,1.0035187131686243,NRPS
FUM,0.9890228031539271,1.0035187131440602,NRPS
