ID,Growth,Production,BGC type
TKT1,0.9987954222711942,1.0044077135126153,NRPS
