ID,Growth,Production,BGC type
ASPT,0.9882080585490487,1.003747765469544,NRPS
