ID,Growth,Production,BGC type
ASPT,0.9882080585490561,1.0236974985154554,T1PKS
ASPTA,0.991974330884379,1.001647372913563,T1PKS
