ID,Growth,Production,BGC type
TKT1,0.9987954222711991,1.0051679586548963,NRPS
