ID,Growth,Production,BGC type
ASPT,0.9882080585490567,1.0064748553213374,NRPS
AGT,0.9651161433450673,1.002368623102534,NRPS
GHMT2r,0.9613906650621277,1.002368623074131,NRPS
