ID,Growth,Production,BGC type
AGT,0.965116143345075,1.0038590813112498,NRPS
