ID,Growth,Production,BGC type
ASPT,0.988208058866861,1.010676016094613,NRPS
