ID,Growth,Production,BGC type
ASPT,0.9882080588668439,1.0159835552077596,T1PKS
