ID,Growth,Production,BGC type
ASPT,0.9882080588668664,1.0011039428232127,NRPS
