ID,Growth,Production,BGC type
ASPT,0.9882080585490505,1.0067881557498906,NRPS
AGT,0.9651161433450639,1.0015085467103737,NRPS
