ID,Growth,Production,BGC type
ASPT,0.9882080588668546,1.0293075626086179,NRPS
ASPTA,0.9919743308843718,1.0034311155171598,NRPS
