ID,Growth,Production,BGC type
TKT1,0.9987954222712079,1.0092378752698772,NRPS
