ID,Growth,Production,BGC type
ASPT,0.988208058549039,1.0180013127414225,T1PKS
AGT,0.9651161433450499,1.0078572945446316,T1PKS
