ID,Growth,Production,BGC type
TKT1,0.9987954222711948,1.0067940551969412,NRPS
