ID,Growth,Production,BGC type
ASPT,0.9882080588668503,1.0142917816879335,T1PKS
