ID,Growth,Production,BGC type
ASPT,0.9882080588668459,1.0068303249039097,T1PKS
