ID,Growth,Production,BGC type
TKT1,0.9987954222712,1.00194505224415,NRPS
