ID,Growth,Production,BGC type
CITCIa2,0.999304189316709,1.0193610842508483,thiopeptide
CITMS,0.9993041890022973,1.0193610842169694,thiopeptide
CITCIb,0.9993041890023002,1.0193610842145788,thiopeptide
ERTHMMOR,0.999304189002299,1.0193610842099525,thiopeptide
ENO,0.9936285763270426,1.0019029495583027,thiopeptide
PGM,0.9936285763270428,1.0019029495562914,thiopeptide
