ID,Growth,Production,BGC type
ASPT,0.9882080585490565,1.0064587093641126,T1PKS
