ID,Growth,Production,BGC type
ASPT,0.9882080585490222,1.010405606306174,transAT-PKS
