ID,Growth,Production,BGC type
TKT1,0.9987954222712045,1.0076628352590224,NRPS
