ID,Growth,Production,BGC type
ASPT,0.9882080585490488,1.002026491981139,NRPS
AGT,0.9651161436478327,1.001826977849912,NRPS
