ID,Growth,Production,BGC type
ASPT,0.988208058549054,1.0127455328787494,T1PKS
