ID,Growth,Production,BGC type
TKT1,0.9987954222711956,1.0061585835099418,lassopeptide
