ID,Growth,Production,BGC type
ASPT,0.9882080588668518,1.0065126605391004,NRPS
AGT,0.9651161433450679,1.0021401445192024,NRPS
ASPTA,0.9919743308843697,1.0012794924594426,NRPS
