ID,Growth,Production,BGC type
CITCIa2,0.9993041893167108,1.0037336652550195,lanthipeptide
ERTHMMOR,0.9993041893167149,1.0037336652365743,lanthipeptide
CITCIb,0.999304189002286,1.003733665213965,lanthipeptide
CITMS,0.9993041890022888,1.0037336652136881,lanthipeptide
