ID,Growth,Production,BGC type
GLYCL,0.9689399977142698,1.0249004906077075,NRPS
ASPT,0.9882080585490498,1.014758122722004,NRPS
AGT,0.9651161436478276,1.0082047915844599,NRPS
FUM,0.9890228031539282,1.0027254177195017,NRPS
MCOALY,0.9890228031539243,1.002725417715614,NRPS
