ID,Growth,Production,BGC type
TKT1,0.998795422271195,1.0029465929922858,NRPS
