ID,Growth,Production,BGC type
ASPT,0.9882080585490504,1.0288195915905436,NRPS
ASPTA,0.9919743308843657,1.0032764845097446,NRPS
