ID,Growth,Production,BGC type
ASPT,0.9882080588668505,1.0057653968288893,T1PKS
