ID,Growth,Production,BGC type
ASPT,0.9882080588668403,1.005629989330102,NRPS
GHMT2r,0.9613906650184514,1.0030190117615791,NRPS
AGT,0.9651161436478316,1.0030190117277746,NRPS
