ID,Growth,Production,BGC type
ASPT,0.9882080585490395,1.0146498934123753,T1PKS
