ID,Growth,Production,BGC type
ASPT,0.9882080585490528,1.0091023157198629,NRPS
