ID,Growth,Production,BGC type
TKT1,0.998795422271206,1.0024067388569435,NRPS
