ID,Growth,Production,BGC type
TKT1,0.9987954219533641,1.0030686612901258,NRPS
