ID,Growth,Production,BGC type
TKT1,0.9987954222711939,1.004371584687515,NRPS
