ID,Growth,Production,BGC type
TKT1,0.998795421953366,1.0057020669977585,NRPS
