ID,Growth,Production,BGC type
TKT1,0.998795421996244,1.006811409124704,NRPS
