ID,Growth,Production,BGC type
ASPT,0.9882080588668507,1.0104444892449478,lassopeptide
TKT1,0.9987954219533697,1.0028627661375615,lassopeptide
