ID,Growth,Production,BGC type
TKT1,0.9987954222711948,1.011019283728653,NRPS
