ID,Growth,Production,BGC type
ASPT,0.9882080585490562,1.0267930929245073,T1PKS
ASPTA,0.9919743308843666,1.0026332554761075,T1PKS
